id,book_name,author_name,publisher_cd
1,test-1-1,sample-name1,1
2,test-1-2,sample-name1,1
3,test-1-3,sample-name2,1
4,test-2-1,sample-name2,2
5,test-2-2,sample-name2,2
6,test-3-1,sample-name1,3
7,test-3-2,sample-name2,3
8,samplebook1,sample-author1,4
9,samplebook2,sample-author1,5
10,book10,author-1,1
11,book11,author-1,2
12,book12,author-1,3
13,book13,author-1,4
14,book14,author-1,5
15,book15,author-1,1
16,book16,author-1,2
17,book17,author-1,3
18,book18,author-1,4
19,book19,author-1,5
20,book20,author-1,1
21,book21,author-1,2
22,book22,author-1,3
23,book23,author-1,4
24,book24,author-1,5
25,book25,author-name,1
26,book26,author-name,2
27,book27,author-name,3
28,book28,author-name,4
29,book29,author-name,5
30,book30,author-name,1
31,DDD-book31,author-name,2
32,DDD-book32,author-name,3
33,DDD-book33,author-name,4
34,DDD-book34,author-name,5
35,DDD-book35,author-name,1
36,DDD-book36,author-name,2
37,DDD-book37,author-name,3
38,DDD-book38,author-name,4
39,DDD-book39,author-name,5
40,DDD-book40,author-name,1
41,DDD-book41,author-name,2
42,DDD-book42,michel,3
43,DDD-book43,michel,4
44,DDD-book44,michel,5
45,DDD-book45,michel,1
46,DDD-book46,michel,2
47,DDD-book47,michel,3
48,DDD-book48,michel,4
49,DDD-book49,michel,5
50,DDD-book50,michel,1
51,DDD-book51,michel,2
52,DDD-book52,michel,3
53,DDD-book53,michel,4
54,DDD-book54,michel,5
55,DDD-book55,michel,1
56,DDD-book56,michel,2
57,DDD-book57,michel,3
58,DDD-book58,michel,4
59,DDD-book59,michel,5
60,DDD-book60,michel,1
61,book61ok,michel,2
62,book62ok,michel,3
63,book63ok,michel,4
64,book64ok,e2345,5
65,book65ok,e2345,1
66,book66ok,e2345,2
67,book67ok,e2345,3
68,book68ok,e2345,4
69,book69ok,e2345,5
70,book70ok,e2345,1
71,book71ok,e2345,2
72,book72ok,e2345,3
73,book73ok,e2345,4
74,book74ok,e2345,5
75,book75ok,e2345,1
76,book76ok,e2345,2
77,book77ok,e2345,3
78,book78ok,e2345,4
79,book79ok,e2345,5
80,book80ok,e2345,1
81,book81ok,e2345,2
82,book82ok,e2345,3
83,book83ok,e2345,4
84,book84ok,e2345,5
85,book85ok,e2345,1
86,book86ok,e2345,2
87,book87ok,e2345,3
88,book88ok,e2345,4
89,book89ok,elon,5
90,book90ok,elon,1
91,coding_guide91,elon,2
92,coding_guide92,elon,3
93,coding_guide93,elon,4
94,coding_guide94,elon,5
95,coding_guide95,elon,1
96,coding_guide96,elon,2
97,coding_guide97,elon,3
98,coding_guide98,elon,4
99,coding_guide99,elon,5
100,coding_guide100,elon,1
101,coding_guide101,elon,2
102,coding_guide102,elon,3
103,coding_guide103,elon,4
104,coding_guide104,elon,5
105,coding_guide105,elon,1
106,coding_guide106,elon,2
107,coding_guide107,elon,3
108,coding_guide108,elon,4
109,coding_guide109,elon,5
110,coding_guide110,satoshi,1
111,coding_guide111,satoshi,2
112,coding_guide112,satoshi,3
113,coding_guide113,satoshi,4
114,coding_guide114,satoshi,5
115,coding_guide115,satoshi,1
116,coding_guide116,satoshi,2
117,coding_guide117,satoshi,3
118,coding_guide118,satoshi,4
119,coding_guide119,satoshi,5
120,coding_guide120,satoshi,1
121,book121,satoshi,2
122,book122,satoshi,3
123,book123,satoshi,4
124,book124,satoshi,5
125,book125,satoshi,1
126,book126,satoshi,2
127,book127,satoshi,3
128,book128,hyperman,1
129,book129,hyperman,2
130,book130,hyperman,3
131,book131,hyperman,4
132,book132,hyperman,5
133,book133,hyperman,1
134,book134,hyperman,2
135,book135,hyperman,3
136,book136,hyperman,4
137,book137,hyperman,5
138,book138,hyperman,1
139,book139,hyperman,2
140,book140,hyperman,3
141,book141,hyperman,4
142,book142,hyperman,5
143,book143,hyperman,1
144,book144,hyperman,2
145,book145,hyperman,3
146,book146,hyperman,4
147,book147,hyperman,5
148,book148,hyperman,1
149,book149,hyperman,2
150,book150,hyperman,3
